SHIPMENTID,SHIPMENTDATE,CUSTOMERID,ITEMID,QUANTITY
6000,03/20/2016,1477,3983,4
6001,08/23/2015,1374,3324,10
6002,12/25/2015,1233,3793,4
6003,03/21/2016,1571,3298,15
6004,08/04/2015,1058,3893,14
6005,09/20/2015,1034,3842,20
6006,08/17/2015,1087,3641,5
6007,10/14/2015,1509,3319,8
6008,12/05/2015,1196,3281,4
6009,10/23/2015,1832,3146,8
6010,04/25/2016,1609,3701,18
6011,10/13/2015,1784,3250,12
6012,08/10/2015,1794,3826,8
6013,10/19/2015,1159,3461,14
6014,06/15/2016,1708,3501,5
6015,05/28/2016,1701,3517,12
6016,01/12/2016,1564,3866,4
6017,06/19/2016,1164,3205,10
6018,03/05/2016,1063,3699,15
6019,04/20/2016,1838,3095,7
6020,01/01/2016,1834,3013,10
6021,09/06/2015,1840,3593,2
6022,04/20/2016,1370,3748,7
6023,12/22/2015,1627,3317,8
6024,03/05/2016,1707,3803,13
6025,09/01/2015,1102,3513,1
6026,06/11/2016,1421,3563,4
6027,09/22/2015,1206,3153,8
6028,05/14/2016,1080,3989,3
6029,09/08/2015,1092,3340,14
6030,06/08/2016,1754,3667,17
6031,07/27/2016,1196,3349,2
6032,10/03/2015,1077,3977,5
6033,01/18/2016,1100,3808,12
6034,06/30/2016,1237,3405,8
6035,05/19/2016,1785,3720,12
6036,07/31/2016,1664,3980,8
6037,07/06/2016,1545,3756,8
6038,01/06/2016,1804,3034,19
6039,11/27/2015,1639,3984,14
6040,12/31/2015,1172,3656,12
6041,02/29/2016,1406,3164,6
6042,10/29/2015,1238,3096,19
6043,03/20/2016,1911,3759,5
6044,06/04/2016,1428,3292,3
6045,08/29/2015,1847,3057,13
6046,11/08/2015,1634,3213,1
6047,06/15/2016,1363,3796,1
6048,01/15/2016,1665,3241,2
6049,03/16/2016,1751,3345,13
6050,08/19/2015,1656,3201,3
6051,09/12/2015,1735,3781,19
6052,05/27/2016,1336,3824,8
6053,07/24/2016,1262,3163,4
6054,03/08/2016,1094,3035,16
6055,01/10/2016,1338,3739,11
6056,01/24/2016,1432,3285,19
6057,10/14/2015,1947,3165,9
6058,01/05/2016,1686,3493,2
6059,01/29/2016,1036,3237,18
6060,11/28/2015,1850,3544,1
6061,05/02/2016,1301,3968,3
6062,02/10/2016,1881,3429,13
6063,06/04/2016,1447,3155,1
6064,10/01/2015,1752,3720,19
6065,03/07/2016,1426,3108,18
6066,07/17/2016,1418,3309,2
6067,07/01/2016,1454,3212,8
6068,07/04/2016,1820,3760,8
6069,05/19/2016,1724,3007,19
6070,02/04/2016,1710,3189,11
6071,10/13/2015,1469,3135,9
6072,10/04/2015,1064,3475,15
6073,12/19/2015,1245,3378,4
6074,09/22/2015,1670,3383,15
6075,01/19/2016,1512,3758,15
6076,12/01/2015,1576,3282,12
6077,07/09/2016,1581,3613,2
6078,08/16/2015,1469,3755,10
6079,04/17/2016,1435,3832,10
6080,11/17/2015,1642,3047,17
6081,05/11/2016,1266,3926,11
6082,05/10/2016,1365,3779,9
6083,10/05/2015,1413,3645,7
6084,09/11/2015,1458,3240,16
6085,07/07/2016,1490,3412,12
6086,11/29/2015,1783,3283,2
6087,02/23/2016,1355,3838,13
6088,09/02/2015,1062,3204,6
6089,12/11/2015,1754,3426,4
6090,12/23/2015,1145,3365,4
6091,03/21/2016,1566,3973,15
6092,08/25/2015,1339,3328,1
6093,03/11/2016,1308,3806,3
6094,06/09/2016,1351,3920,4
6095,01/10/2016,1324,3419,6
6096,11/07/2015,1162,3703,17
6097,01/29/2016,1464,3557,7
6098,10/06/2015,1808,3919,6
6099,12/13/2015,1624,3835,2
6100,02/08/2016,1985,3699,6
6101,01/08/2016,1356,3917,6
6102,03/07/2016,1611,3124,6
6103,12/30/2015,1786,3881,16
6104,03/02/2016,1831,3836,10
6105,10/19/2015,1551,3315,16
6106,11/09/2015,1188,3817,18
6107,10/24/2015,1919,3005,20
6108,01/01/2016,1760,3286,16
6109,02/20/2016,1598,3695,7
6110,02/24/2016,1553,3072,15
6111,05/20/2016,1801,3548,12
6112,12/17/2015,1266,3285,9
6113,02/17/2016,1058,3594,8
6114,03/19/2016,1490,3774,5
6115,12/16/2015,1515,3545,8
6116,09/12/2015,1306,3674,11
6117,01/16/2016,1083,3957,16
6118,01/01/2016,1344,3360,16
6119,04/15/2016,1986,3306,1
6120,11/23/2015,1858,3611,14
6121,01/07/2016,1092,3141,18
6122,12/09/2015,1947,3602,14
6123,09/21/2015,1118,3398,3
6124,06/08/2016,1389,3068,1
6125,11/10/2015,1236,3218,8
6126,05/14/2016,1593,3081,4
6127,01/08/2016,1747,3494,18
6128,09/25/2015,1975,3217,7
6129,10/01/2015,1646,3655,14
6130,06/07/2016,1181,3326,8
6131,10/17/2015,1772,3916,17
6132,03/08/2016,1622,3721,16
6133,05/05/2016,1604,3251,12
6134,11/10/2015,1650,3781,12
6135,09/11/2015,1502,3639,11
6136,07/19/2016,1842,3634,16
6137,06/12/2016,1351,3162,7
6138,08/17/2015,1374,3832,13
6139,04/10/2016,1537,3445,3
6140,11/02/2015,1512,3668,13
6141,04/18/2016,1417,3775,12
6142,09/01/2015,1770,3489,15
6143,11/27/2015,1953,3016,2
6144,11/15/2015,1365,3051,18
6145,04/23/2016,1570,3055,19
6146,09/12/2015,1860,3946,3
6147,08/08/2015,1250,3514,6
6148,11/27/2015,1102,3740,7
6149,07/31/2016,1117,3290,7
6150,08/14/2015,1560,3836,18
6151,08/01/2016,1889,3348,8
6152,07/04/2016,1303,3534,15
6153,08/25/2015,1935,3197,14
6154,09/19/2015,1806,3157,7
6155,09/01/2015,1720,3020,11
6156,12/19/2015,1758,3946,6
6157,03/09/2016,1539,3970,13
6158,11/02/2015,1606,3602,16
6159,02/17/2016,1071,3479,9
6160,10/01/2015,1045,3777,6
6161,09/08/2015,1786,3924,9
6162,12/09/2015,1951,3282,3
6163,12/19/2015,1967,3429,8
6164,05/12/2016,1000,3739,16
6165,03/06/2016,1361,3618,11
6166,06/10/2016,1402,3606,20
6167,11/29/2015,1516,3281,2
6168,01/07/2016,1239,3391,11
6169,09/25/2015,1465,3589,2
6170,06/18/2016,1919,3004,13
6171,04/05/2016,1848,3949,2
6172,11/29/2015,1067,3180,6
6173,06/19/2016,1155,3749,16
6174,08/24/2015,1874,3043,18
6175,12/09/2015,1548,3684,3
6176,11/10/2015,1328,3725,5
6177,12/15/2015,1155,3261,16
6178,02/10/2016,1760,3495,9
6179,07/20/2016,1334,3897,2
6180,08/01/2016,1142,3619,9
6181,05/30/2016,1053,3803,9
6182,05/19/2016,1435,3695,3
6183,09/26/2015,1210,3000,6
6184,10/19/2015,1339,3396,18
6185,03/24/2016,1815,3717,12
6186,10/06/2015,1498,3754,15
6187,08/23/2015,1151,3800,12
6188,01/26/2016,1719,3643,1
6189,07/12/2016,1292,3461,6
6190,12/21/2015,1056,3595,13
6191,07/16/2016,1074,3555,19
6192,06/14/2016,1208,3926,18
6193,10/05/2015,1378,3958,1
6194,05/17/2016,1585,3714,9
6195,05/13/2016,1315,3862,18
6196,06/27/2016,1956,3255,4
6197,12/19/2015,1605,3986,6
6198,08/05/2015,1708,3831,14
6199,07/14/2016,1873,3300,3
6200,05/21/2016,1490,3508,9
6201,08/21/2015,1426,3466,7
6202,03/29/2016,1624,3818,19
6203,04/27/2016,1371,3604,15
6204,04/19/2016,1054,3967,6
6205,01/10/2016,1873,3563,2
6206,07/24/2016,1165,3670,16
6207,08/13/2015,1756,3368,1
6208,10/08/2015,1103,3982,3
6209,10/28/2015,1893,3476,18
6210,11/02/2015,1075,3737,9
6211,11/08/2015,1600,3691,13
6212,09/16/2015,1857,3461,19
6213,12/01/2015,1850,3690,10
6214,08/25/2015,1433,3752,6
6215,06/02/2016,1878,3413,10
6216,09/13/2015,1898,3278,4
6217,10/30/2015,1622,3119,10
6218,10/26/2015,1777,3799,11
6219,08/15/2015,1586,3839,18
6220,03/15/2016,1087,3261,20
6221,07/26/2016,1169,3053,5
6222,08/12/2015,1894,3174,4
6223,08/12/2015,1820,3241,16
6224,05/31/2016,1778,3181,2
6225,04/09/2016,1575,3739,18
6226,11/04/2015,1137,3031,3
6227,07/26/2016,1655,3954,4
6228,11/17/2015,1026,3327,10
6229,01/10/2016,1677,3645,17
6230,09/25/2015,1332,3527,6
6231,08/10/2015,1590,3822,8
6232,03/29/2016,1805,3585,2
6233,08/17/2015,1701,3831,7
6234,11/03/2015,1732,3683,20
6235,11/20/2015,1117,3450,17
6236,12/09/2015,1680,3846,14
6237,05/28/2016,1102,3975,17
6238,02/29/2016,1179,3833,18
6239,07/01/2016,1635,3218,16
6240,06/02/2016,1119,3114,10
6241,01/03/2016,1869,3880,13
6242,06/17/2016,1189,3026,13
6243,02/13/2016,1310,3977,7
6244,07/10/2016,1641,3322,17
6245,10/11/2015,1027,3447,10
6246,11/27/2015,1887,3504,4
6247,07/24/2016,1013,3421,12
6248,08/02/2016,1735,3238,5
6249,05/02/2016,1919,3187,18
6250,02/17/2016,1417,3554,14
6251,08/05/2015,1126,3931,5
6252,09/28/2015,1198,3647,4
6253,02/08/2016,1765,3298,6
6254,10/26/2015,1772,3850,15
6255,01/31/2016,1843,3437,6
6256,12/07/2015,1538,3905,11
6257,04/28/2016,1109,3077,15
6258,08/08/2015,1068,3883,4
6259,06/30/2016,1104,3539,11
6260,02/04/2016,1490,3627,17
6261,10/27/2015,1983,3900,13
6262,04/08/2016,1652,3771,5
6263,08/01/2016,1466,3254,13
6264,09/09/2015,1171,3617,5
6265,07/21/2016,1725,3992,3
6266,10/07/2015,1747,3469,15
6267,08/06/2015,1219,3019,7
6268,08/23/2015,1410,3595,8
6269,12/08/2015,1619,3791,8
6270,06/17/2016,1452,3698,19
6271,04/12/2016,1605,3700,10
6272,02/05/2016,1364,3127,18
6273,07/13/2016,1827,3531,19
6274,05/16/2016,1672,3667,1
6275,08/23/2015,1367,3006,13
6276,09/27/2015,1470,3971,10
6277,12/05/2015,1687,3016,11
6278,05/06/2016,1942,3181,8
6279,02/26/2016,1096,3769,14
6280,01/14/2016,1731,3030,5
6281,02/12/2016,1488,3284,19
6282,10/17/2015,1804,3090,14
6283,09/27/2015,1186,3153,1
6284,07/21/2016,1800,3720,15
6285,03/18/2016,1034,3357,14
6286,03/27/2016,1752,3517,9
6287,10/02/2015,1024,3989,11
6288,06/29/2016,1097,3594,9
6289,10/21/2015,1213,3463,5
6290,03/26/2016,1822,3809,13
6291,11/13/2015,1334,3776,4
6292,02/18/2016,1877,3175,16
6293,06/03/2016,1166,3697,5
6294,05/20/2016,1189,3227,3
6295,03/27/2016,1748,3664,13
6296,12/11/2015,1282,3541,1
6297,11/12/2015,1893,3253,6
6298,12/01/2015,1774,3562,8
6299,06/05/2016,1926,3849,20
6300,02/14/2016,1810,3296,18
6301,10/03/2015,1968,3546,10
6302,06/11/2016,1868,3995,11
6303,06/05/2016,1433,3619,11
6304,12/27/2015,1074,3769,3
6305,11/24/2015,1216,3778,5
6306,12/07/2015,1421,3003,9
6307,06/14/2016,1062,3279,13
6308,02/11/2016,1925,3614,14
6309,11/23/2015,1132,3586,20
6310,01/03/2016,1130,3826,14
6311,11/07/2015,1138,3096,18
6312,05/05/2016,1029,3505,8
6313,09/23/2015,1092,3675,10
6314,10/14/2015,1591,3277,5
6315,09/19/2015,1124,3108,4
6316,01/21/2016,1655,3490,4
6317,12/16/2015,1916,3052,8
6318,12/12/2015,1666,3137,11
6319,12/10/2015,1222,3423,17
6320,08/01/2016,1321,3275,6
6321,04/26/2016,1393,3773,3
6322,06/18/2016,1602,3086,1
6323,09/11/2015,1747,3250,7
6324,02/14/2016,1275,3838,16
6325,02/06/2016,1862,3635,16
6326,08/10/2015,1608,3864,4
6327,04/08/2016,1940,3713,14
6328,06/08/2016,1568,3886,17
6329,04/30/2016,1880,3780,12
6330,10/07/2015,1396,3608,6
6331,03/10/2016,1657,3145,6
6332,08/11/2015,1677,3408,20
6333,04/10/2016,1536,3434,5
6334,06/09/2016,1482,3273,4
6335,08/08/2015,1924,3197,19
6336,09/19/2015,1083,3078,5
6337,10/30/2015,1224,3674,9
6338,05/22/2016,1335,3947,9
6339,02/12/2016,1616,3597,1
6340,11/14/2015,1128,3093,14
6341,11/05/2015,1923,3030,9
6342,05/12/2016,1258,3348,6
6343,06/10/2016,1617,3264,9
6344,07/05/2016,1643,3045,1
6345,04/02/2016,1628,3481,7
6346,02/29/2016,1053,3800,16
6347,09/29/2015,1193,3549,10
6348,03/10/2016,1856,3427,11
6349,06/15/2016,1492,3357,16
6350,08/27/2015,1135,3044,5
6351,05/01/2016,1572,3627,2
6352,10/03/2015,1682,3064,5
6353,09/22/2015,1591,3930,19
6354,12/12/2015,1056,3795,5
6355,05/02/2016,1563,3519,3
6356,12/17/2015,1002,3760,6
6357,12/08/2015,1363,3599,8
6358,08/10/2015,1681,3173,4
6359,05/30/2016,1430,3308,14
6360,09/08/2015,1406,3329,19
6361,04/09/2016,1353,3934,6
6362,06/17/2016,1262,3415,2
6363,10/11/2015,1432,3590,3
6364,12/31/2015,1013,3609,5
6365,12/09/2015,1954,3974,8
6366,08/25/2015,1847,3531,9
6367,08/11/2015,1036,3633,19
6368,03/07/2016,1532,3641,20
6369,04/06/2016,1893,3396,19
6370,09/23/2015,1109,3129,7
6371,12/04/2015,1420,3665,7
6372,07/28/2016,1237,3545,9
6373,10/03/2015,1680,3584,16
6374,11/05/2015,1746,3399,8
6375,04/03/2016,1155,3954,1
6376,03/17/2016,1301,3828,16
6377,06/11/2016,1938,3224,6
6378,08/04/2015,1211,3729,20
6379,09/06/2015,1005,3678,5
6380,12/04/2015,1575,3506,10
6381,05/22/2016,1295,3363,6
6382,08/05/2015,1023,3903,1
6383,04/25/2016,1234,3210,2
6384,06/12/2016,1467,3861,1
6385,09/16/2015,1442,3304,20
6386,01/17/2016,1388,3547,8
6387,11/23/2015,1630,3352,19
6388,07/09/2016,1407,3662,1
6389,04/06/2016,1615,3642,19
6390,03/21/2016,1485,3891,17
6391,12/12/2015,1339,3080,6
6392,11/06/2015,1857,3065,12
6393,12/01/2015,1716,3447,17
6394,11/13/2015,1154,3541,6
6395,03/17/2016,1178,3906,15
6396,03/27/2016,1416,3871,11
6397,02/29/2016,1401,3911,20
6398,05/23/2016,1318,3750,3
6399,11/21/2015,1708,3705,1
6400,08/07/2015,1873,3235,4
6401,01/16/2016,1097,3047,18
6402,06/09/2016,1078,3829,3
6403,07/25/2016,1419,3370,14
6404,09/27/2015,1116,3403,9
6405,04/23/2016,1061,3225,17
6406,01/11/2016,1581,3139,20
6407,01/03/2016,1229,3466,19
6408,04/22/2016,1707,3628,5
6409,12/04/2015,1114,3830,5
6410,12/02/2015,1782,3346,15
6411,11/10/2015,1708,3139,2
6412,07/04/2016,1043,3320,7
6413,01/06/2016,1273,3889,20
6414,10/26/2015,1835,3510,20
6415,09/17/2015,1813,3460,18
6416,08/15/2015,1603,3072,11
6417,04/04/2016,1828,3829,3
6418,12/16/2015,1643,3559,6
6419,11/22/2015,1515,3651,4
6420,12/10/2015,1238,3326,2
6421,07/28/2016,1151,3667,6
6422,10/01/2015,1625,3419,5
6423,11/27/2015,1898,3904,8
6424,05/03/2016,1644,3803,14
6425,01/21/2016,1812,3646,10
6426,11/20/2015,1438,3204,7
6427,05/11/2016,1773,3456,18
6428,06/04/2016,1224,3220,13
6429,09/20/2015,1415,3692,13
6430,04/19/2016,1096,3039,2
6431,01/23/2016,1581,3681,18
6432,10/28/2015,1941,3613,2
6433,01/17/2016,1987,3684,9
6434,05/11/2016,1050,3569,7
6435,05/24/2016,1506,3499,7
6436,12/12/2015,1836,3595,3
6437,05/06/2016,1240,3240,14
6438,12/26/2015,1379,3209,7
6439,11/27/2015,1527,3652,15
6440,07/25/2016,1357,3454,10
6441,05/25/2016,1485,3762,7
6442,05/29/2016,1659,3334,6
6443,08/15/2015,1400,3411,9
6444,07/10/2016,1544,3430,1
6445,04/11/2016,1990,3549,14
6446,07/13/2016,1627,3101,15
6447,02/13/2016,1765,3745,9
6448,10/23/2015,1136,3540,12
6449,07/23/2016,1295,3820,9
6450,10/08/2015,1124,3622,10
6451,10/17/2015,1603,3849,6
6452,04/22/2016,1207,3425,1
6453,08/06/2015,1699,3640,8
6454,04/09/2016,1318,3106,17
6455,08/24/2015,1517,3924,11
6456,06/03/2016,1912,3220,18
6457,08/10/2015,1485,3856,19
6458,06/02/2016,1611,3203,5
6459,08/12/2015,1020,3214,4
6460,07/21/2016,1597,3752,12
6461,07/12/2016,1488,3919,3
6462,12/03/2015,1489,3047,15
6463,05/12/2016,1853,3497,8
6464,11/01/2015,1543,3047,14
6465,01/24/2016,1613,3561,18
6466,01/11/2016,1795,3151,19
6467,08/06/2015,1853,3642,14
6468,06/01/2016,1829,3311,2
6469,09/30/2015,1278,3787,9
6470,04/07/2016,1067,3194,9
6471,01/10/2016,1578,3753,2
6472,05/17/2016,1241,3261,16
6473,09/11/2015,1929,3677,14
6474,09/08/2015,1071,3680,3
6475,07/02/2016,1673,3579,5
6476,03/17/2016,1558,3586,4
6477,11/29/2015,1473,3130,14
6478,06/02/2016,1000,3686,3
6479,11/12/2015,1485,3551,6
6480,01/21/2016,1284,3435,16
6481,06/13/2016,1876,3307,4
6482,01/13/2016,1552,3619,16
6483,09/18/2015,1655,3395,16
6484,10/27/2015,1746,3126,6
6485,08/30/2015,1246,3066,9
6486,01/02/2016,1123,3120,15
6487,02/22/2016,1533,3454,5
6488,03/14/2016,1450,3125,6
6489,01/31/2016,1990,3779,6
6490,02/22/2016,1643,3848,9
6491,12/31/2015,1068,3672,2
6492,07/06/2016,1484,3058,5
6493,08/08/2015,1738,3107,5
6494,11/02/2015,1917,3769,8
6495,07/09/2016,1758,3158,4
6496,09/09/2015,1309,3351,11
6497,09/11/2015,1612,3259,4
6498,07/20/2016,1314,3477,11
6499,07/31/2016,1879,3884,4
6500,04/18/2016,1836,3890,20
6501,07/04/2016,1922,3877,20
6502,09/17/2015,1611,3885,17
6503,11/08/2015,1064,3932,11
6504,07/30/2016,1016,3106,15
6505,12/27/2015,1456,3731,5
6506,08/14/2015,1907,3400,18
6507,09/11/2015,1324,3475,6
6508,09/01/2015,1188,3610,12
6509,10/01/2015,1398,3659,15
6510,01/28/2016,1850,3150,4
6511,12/22/2015,1069,3089,20
6512,05/10/2016,1132,3354,16
6513,06/19/2016,1285,3573,12
6514,08/06/2015,1682,3185,14
6515,10/05/2015,1646,3020,2
6516,11/13/2015,1358,3656,8
6517,05/11/2016,1945,3171,2
6518,05/02/2016,1776,3254,8
6519,02/02/2016,1426,3233,18
6520,03/23/2016,1105,3119,3
6521,02/25/2016,1966,3925,3
6522,09/13/2015,1069,3990,13
6523,04/14/2016,1077,3344,12
6524,07/25/2016,1813,3854,11
6525,03/30/2016,1930,3186,8
6526,06/20/2016,1453,3129,1
6527,06/01/2016,1012,3961,1
6528,11/19/2015,1813,3441,9
6529,12/04/2015,1531,3769,17
6530,07/31/2016,1370,3850,12
6531,07/12/2016,1896,3800,13
6532,04/17/2016,1520,3928,10
6533,05/27/2016,1637,3761,16
6534,12/16/2015,1861,3340,17
6535,07/26/2016,1581,3556,1
6536,02/28/2016,1685,3420,15
6537,12/20/2015,1293,3586,16
6538,01/17/2016,1465,3686,19
6539,01/06/2016,1172,3159,17
6540,11/22/2015,1925,3418,18
6541,12/07/2015,1989,3495,6
6542,08/04/2015,1017,3355,8
6543,07/17/2016,1132,3312,18
6544,10/29/2015,1398,3736,2
6545,06/12/2016,1785,3568,9
6546,05/12/2016,1748,3297,11
6547,05/29/2016,1633,3961,2
6548,09/17/2015,1353,3834,8
6549,10/21/2015,1677,3770,2
6550,11/10/2015,1211,3346,5
6551,05/24/2016,1588,3231,14
6552,01/21/2016,1690,3221,8
6553,02/12/2016,1671,3717,13
6554,08/16/2015,1932,3532,9
6555,10/17/2015,1307,3890,20
6556,11/14/2015,1114,3710,4
6557,05/29/2016,1902,3274,7
6558,07/29/2016,1984,3372,4
6559,01/17/2016,1364,3095,15
6560,12/26/2015,1367,3764,3
6561,03/19/2016,1091,3755,11
6562,01/18/2016,1536,3953,15
6563,05/28/2016,1679,3226,1
6564,09/26/2015,1522,3274,12
6565,02/21/2016,1625,3216,6
6566,01/16/2016,1553,3067,20
6567,04/29/2016,1498,3910,12
6568,08/19/2015,1148,3031,11
6569,06/06/2016,1839,3472,7
6570,09/04/2015,1151,3747,7
6571,06/26/2016,1477,3087,5
6572,08/26/2015,1065,3086,20
6573,06/20/2016,1453,3094,17
6574,01/09/2016,1245,3150,9
6575,02/17/2016,1097,3758,15
6576,03/02/2016,1616,3452,10
6577,03/15/2016,1229,3904,7
6578,05/27/2016,1798,3181,20
6579,05/02/2016,1237,3030,9
6580,05/08/2016,1267,3279,20
6581,09/15/2015,1902,3387,19
6582,07/29/2016,1537,3989,6
6583,03/14/2016,1072,3903,11
6584,03/12/2016,1353,3914,6
6585,10/15/2015,1775,3581,15
6586,06/10/2016,1751,3314,19
6587,12/08/2015,1732,3323,18
6588,07/18/2016,1166,3333,13
6589,04/29/2016,1208,3718,17
6590,08/13/2015,1139,3835,13
6591,01/08/2016,1319,3432,8
6592,05/14/2016,1079,3320,5
6593,01/19/2016,1245,3681,6
6594,10/21/2015,1232,3283,2
6595,10/29/2015,1087,3143,16
6596,05/29/2016,1287,3547,12
6597,04/09/2016,1304,3924,5
6598,08/30/2015,1978,3459,4
6599,07/05/2016,1667,3951,15
6600,08/04/2015,1945,3317,15
6601,08/07/2015,1589,3035,16
6602,03/13/2016,1465,3635,15
6603,09/12/2015,1204,3097,5
6604,06/22/2016,1035,3579,11
6605,01/30/2016,1655,3488,10
6606,10/31/2015,1599,3302,19
6607,01/20/2016,1091,3572,20
6608,09/24/2015,1636,3069,17
6609,05/16/2016,1961,3448,1
6610,11/27/2015,1293,3989,3
6611,04/05/2016,1821,3386,4
6612,01/23/2016,1504,3394,19
6613,12/12/2015,1107,3851,9
6614,11/08/2015,1226,3107,8
6615,04/18/2016,1342,3341,9
6616,06/22/2016,1139,3279,3
6617,04/13/2016,1064,3108,6
6618,05/27/2016,1559,3853,10
6619,12/26/2015,1122,3998,11
6620,06/06/2016,1989,3852,10
6621,12/25/2015,1620,3727,10
6622,10/11/2015,1463,3920,7
6623,08/13/2015,1011,3534,11
6624,01/04/2016,1690,3605,3
6625,06/17/2016,1985,3158,14
6626,10/12/2015,1018,3344,9
6627,07/01/2016,1006,3607,17
6628,07/13/2016,1328,3847,16
6629,07/10/2016,1546,3570,14
6630,06/28/2016,1682,3994,5
6631,05/11/2016,1105,3932,18
6632,02/04/2016,1606,3148,4
6633,06/01/2016,1444,3360,7
6634,03/22/2016,1722,3249,16
6635,09/09/2015,1250,3561,12
6636,11/19/2015,1929,3925,5
6637,04/14/2016,1958,3152,4
6638,03/19/2016,1526,3696,19
6639,03/03/2016,1901,3840,5
6640,07/11/2016,1916,3719,8
6641,10/21/2015,1205,3438,20
6642,08/21/2015,1958,3047,11
6643,02/05/2016,1176,3893,9
6644,03/07/2016,1473,3417,4
6645,06/07/2016,1438,3619,7
6646,02/09/2016,1224,3502,10
6647,06/05/2016,1895,3646,8
6648,01/02/2016,1566,3315,6
6649,10/09/2015,1877,3178,7
6650,12/28/2015,1581,3929,15
6651,10/12/2015,1876,3544,20
6652,07/19/2016,1699,3599,19
6653,09/15/2015,1365,3701,19
6654,08/22/2015,1686,3386,2
6655,11/25/2015,1257,3134,10
6656,07/23/2016,1270,3907,7
6657,06/23/2016,1053,3631,14
6658,02/13/2016,1225,3363,14
6659,12/04/2015,1065,3600,14
6660,06/18/2016,1284,3755,14
6661,03/21/2016,1104,3099,18
6662,09/11/2015,1334,3017,10
6663,06/25/2016,1232,3062,9
6664,03/05/2016,1284,3180,16
6665,06/24/2016,1980,3311,20
6666,11/09/2015,1479,3387,9
6667,11/20/2015,1844,3094,7
6668,02/12/2016,1863,3358,16
6669,01/18/2016,1968,3713,20
6670,05/19/2016,1175,3714,11
6671,06/02/2016,1810,3495,16
6672,11/04/2015,1809,3028,20
6673,12/23/2015,1343,3373,15
6674,07/15/2016,1495,3281,4
6675,07/07/2016,1421,3858,19
6676,05/16/2016,1559,3703,12
6677,12/25/2015,1565,3642,2
6678,09/14/2015,1755,3821,15
6679,05/12/2016,1981,3185,5
6680,02/02/2016,1935,3469,3
6681,07/01/2016,1068,3658,3
6682,07/26/2016,1102,3975,11
6683,01/09/2016,1697,3701,1
6684,01/11/2016,1742,3008,18
6685,04/25/2016,1254,3271,8
6686,01/26/2016,1008,3113,3
6687,06/06/2016,1171,3804,17
6688,02/03/2016,1668,3021,9
6689,08/04/2015,1316,3053,14
6690,10/21/2015,1964,3217,6
6691,07/24/2016,1472,3608,9
6692,02/14/2016,1057,3327,3
6693,08/16/2015,1518,3428,18
6694,09/08/2015,1870,3561,17
6695,01/12/2016,1064,3361,1
6696,08/23/2015,1891,3817,13
6697,01/16/2016,1436,3095,10
6698,07/24/2016,1094,3647,14
6699,10/23/2015,1876,3725,19
6700,09/09/2015,1905,3046,10
6701,10/17/2015,1025,3697,18
6702,12/05/2015,1447,3008,14
6703,09/10/2015,1406,3839,15
6704,01/28/2016,1005,3621,16
6705,09/09/2015,1491,3857,12
6706,12/19/2015,1272,3187,15
6707,03/02/2016,1242,3525,6
6708,09/17/2015,1925,3148,2
6709,06/10/2016,1688,3186,11
6710,06/10/2016,1195,3846,17
6711,01/01/2016,1752,3509,7
6712,10/19/2015,1538,3846,6
6713,04/21/2016,1220,3561,15
6714,04/01/2016,1518,3479,19
6715,07/12/2016,1126,3601,7
6716,06/14/2016,1584,3715,17
6717,03/21/2016,1205,3984,12
6718,04/14/2016,1943,3411,13
6719,03/29/2016,1591,3156,17
6720,05/02/2016,1171,3154,18
6721,08/05/2015,1292,3422,8
6722,05/24/2016,1194,3465,5
6723,02/10/2016,1015,3578,17
6724,05/23/2016,1917,3300,20
6725,09/01/2015,1089,3990,13
6726,03/09/2016,1497,3114,15
6727,12/05/2015,1627,3863,5
6728,03/02/2016,1272,3779,15
6729,12/22/2015,1708,3531,9
6730,10/05/2015,1275,3022,15
6731,08/18/2015,1158,3268,18
6732,03/27/2016,1341,3072,11
6733,11/01/2015,1062,3568,16
6734,07/27/2016,1843,3952,14
6735,03/11/2016,1554,3809,10
6736,01/23/2016,1599,3126,15
6737,04/27/2016,1495,3684,1
6738,06/11/2016,1211,3355,14
6739,06/28/2016,1427,3633,12
6740,08/27/2015,1847,3859,15
6741,03/04/2016,1674,3182,19
6742,04/23/2016,1245,3910,12
6743,11/03/2015,1170,3517,13
6744,08/31/2015,1945,3889,13
6745,05/03/2016,1752,3622,16
6746,09/24/2015,1728,3478,20
6747,04/27/2016,1083,3532,20
6748,08/03/2015,1862,3305,3
6749,08/26/2015,1450,3930,3
6750,10/14/2015,1173,3299,4
6751,11/14/2015,1244,3268,1
6752,12/22/2015,1941,3840,10
6753,10/02/2015,1266,3491,6
6754,07/12/2016,1864,3356,10
6755,01/21/2016,1971,3037,19
6756,09/23/2015,1839,3881,15
6757,07/15/2016,1563,3003,2
6758,05/28/2016,1806,3939,9
6759,10/05/2015,1102,3852,16
6760,10/28/2015,1309,3613,10
6761,08/15/2015,1731,3568,1
6762,08/25/2015,1137,3353,12
6763,08/15/2015,1766,3937,5
6764,03/13/2016,1725,3879,19
6765,08/09/2015,1160,3006,10
6766,03/30/2016,1493,3112,3
6767,11/15/2015,1550,3797,6
6768,04/05/2016,1606,3250,3
6769,01/24/2016,1205,3640,8
6770,03/16/2016,1132,3778,10
6771,01/06/2016,1378,3217,3
6772,02/25/2016,1655,3014,20
6773,05/31/2016,1344,3717,6
6774,06/18/2016,1669,3123,2
6775,12/07/2015,1170,3325,16
6776,03/10/2016,1544,3688,6
6777,12/24/2015,1033,3922,2
6778,01/02/2016,1859,3434,1
6779,03/01/2016,1557,3782,6
6780,01/27/2016,1223,3975,20
6781,09/28/2015,1401,3986,6
6782,03/10/2016,1179,3360,19
6783,03/29/2016,1000,3157,5
6784,03/17/2016,1665,3682,3
6785,11/17/2015,1004,3882,7
6786,11/23/2015,1545,3233,11
6787,10/15/2015,1224,3190,11
6788,07/09/2016,1533,3333,4
6789,09/11/2015,1863,3271,11
6790,02/13/2016,1048,3688,17
6791,08/18/2015,1883,3972,17
6792,06/22/2016,1974,3682,5
6793,05/13/2016,1140,3364,11
6794,02/22/2016,1984,3779,5
6795,08/20/2015,1575,3566,2
6796,04/30/2016,1035,3279,2
6797,11/18/2015,1874,3022,20
6798,09/16/2015,1521,3660,11
6799,01/07/2016,1534,3398,15
6800,06/04/2016,1050,3966,12
6801,02/02/2016,1234,3149,11
6802,04/30/2016,1550,3484,10
6803,02/05/2016,1715,3565,1
6804,10/31/2015,1303,3611,5
6805,08/17/2015,1514,3518,4
6806,03/04/2016,1772,3014,20
6807,04/27/2016,1832,3631,11
6808,02/09/2016,1225,3784,7
6809,03/21/2016,1930,3102,9
6810,06/07/2016,1303,3813,19
6811,08/31/2015,1717,3458,10
6812,03/10/2016,1877,3333,9
6813,04/06/2016,1778,3464,17
6814,05/11/2016,1229,3208,17
6815,07/22/2016,1351,3452,11
6816,11/05/2015,1960,3723,11
6817,02/11/2016,1090,3984,20
6818,12/15/2015,1823,3682,9
6819,04/18/2016,1111,3956,2
6820,01/31/2016,1687,3189,6
6821,05/31/2016,1413,3799,1
6822,05/24/2016,1863,3684,19
6823,12/04/2015,1646,3401,8
6824,07/23/2016,1969,3365,15
6825,03/25/2016,1775,3499,5
6826,04/03/2016,1086,3867,16
6827,03/26/2016,1994,3001,17
6828,10/11/2015,1563,3452,16
6829,10/23/2015,1188,3759,18
6830,06/26/2016,1757,3207,11
6831,11/19/2015,1470,3422,11
6832,05/02/2016,1335,3686,20
6833,04/18/2016,1703,3206,14
6834,08/14/2015,1155,3186,8
6835,09/19/2015,1222,3547,10
6836,11/14/2015,1460,3651,1
6837,07/19/2016,1446,3308,19
6838,12/08/2015,1090,3413,20
6839,02/26/2016,1768,3659,4
6840,02/18/2016,1588,3633,9
6841,02/24/2016,1570,3315,4
6842,08/23/2015,1240,3701,10
6843,10/02/2015,1470,3573,4
6844,09/23/2015,1793,3960,18
6845,01/28/2016,1559,3688,13
6846,10/09/2015,1371,3357,2
6847,04/05/2016,1863,3310,13
6848,06/11/2016,1360,3957,4
6849,05/23/2016,1088,3038,20
6850,01/19/2016,1013,3550,12
6851,09/01/2015,1847,3389,8
6852,09/25/2015,1179,3535,20
6853,07/12/2016,1170,3946,12
6854,12/02/2015,1864,3515,19
6855,07/09/2016,1373,3936,20
6856,09/26/2015,1790,3139,17
6857,01/31/2016,1643,3536,13
6858,10/05/2015,1879,3071,15
6859,05/04/2016,1034,3001,20
6860,02/07/2016,1482,3869,4
6861,08/16/2015,1050,3522,9
6862,08/02/2016,1930,3402,3
6863,09/04/2015,1910,3517,10
6864,11/29/2015,1122,3604,4
6865,05/05/2016,1788,3151,15
6866,01/12/2016,1694,3187,3
6867,03/28/2016,1960,3036,15
6868,05/03/2016,1920,3108,2
6869,12/14/2015,1549,3871,20
6870,07/26/2016,1240,3576,11
6871,08/17/2015,1019,3422,3
6872,01/25/2016,1175,3307,20
6873,08/23/2015,1938,3704,13
6874,04/02/2016,1483,3577,7
6875,04/04/2016,1862,3784,6
6876,08/29/2015,1528,3134,10
6877,01/29/2016,1723,3117,15
6878,05/17/2016,1510,3523,15
6879,01/14/2016,1506,3090,15
6880,11/13/2015,1571,3475,9
6881,06/14/2016,1435,3241,19
6882,09/06/2015,1871,3422,19
6883,09/18/2015,1184,3547,20
6884,05/04/2016,1845,3527,16
6885,07/11/2016,1488,3639,17
6886,08/13/2015,1820,3599,1
6887,03/11/2016,1905,3172,4
6888,12/25/2015,1454,3829,7
6889,05/19/2016,1761,3695,1
6890,05/19/2016,1287,3351,7
6891,08/07/2015,1247,3131,16
6892,09/19/2015,1046,3340,10
6893,06/08/2016,1204,3855,4
6894,01/11/2016,1917,3710,20
6895,04/05/2016,1130,3324,19
6896,02/04/2016,1538,3773,5
6897,01/03/2016,1032,3726,6
6898,06/10/2016,1241,3413,15
6899,09/01/2015,1457,3310,1
6900,12/03/2015,1229,3901,20
6901,05/25/2016,1908,3675,10
6902,07/02/2016,1248,3497,2
6903,01/26/2016,1747,3755,13
6904,01/28/2016,1505,3287,18
6905,02/21/2016,1155,3058,8
6906,08/20/2015,1626,3122,10
6907,02/11/2016,1710,3094,4
6908,10/22/2015,1358,3430,6
6909,06/11/2016,1314,3970,5
6910,02/18/2016,1030,3237,13
6911,08/27/2015,1657,3042,6
6912,09/30/2015,1344,3800,8
6913,09/03/2015,1725,3107,15
6914,11/07/2015,1650,3582,11
6915,05/13/2016,1993,3586,20
6916,04/02/2016,1441,3379,5
6917,11/30/2015,1454,3100,15
6918,12/28/2015,1518,3430,9
6919,11/23/2015,1328,3038,3
6920,12/28/2015,1762,3422,20
6921,01/17/2016,1330,3727,4
6922,04/19/2016,1613,3268,6
6923,02/06/2016,1249,3966,2
6924,09/16/2015,1138,3474,9
6925,12/04/2015,1129,3494,8
6926,06/03/2016,1891,3730,7
6927,08/28/2015,1078,3984,10
6928,03/08/2016,1401,3213,18
6929,06/17/2016,1218,3431,17
6930,07/08/2016,1932,3998,20
6931,02/26/2016,1680,3176,12
6932,01/27/2016,1634,3969,14
6933,10/08/2015,1942,3087,11
6934,05/05/2016,1506,3466,20
6935,10/13/2015,1690,3062,8
6936,03/02/2016,1449,3635,15
6937,07/02/2016,1850,3459,5
6938,05/17/2016,1440,3875,12
6939,04/19/2016,1476,3280,17
6940,05/05/2016,1806,3435,14
6941,05/18/2016,1105,3481,19
6942,04/22/2016,1399,3583,4
6943,01/09/2016,1387,3733,5
6944,11/04/2015,1316,3019,11
6945,09/12/2015,1499,3103,20
6946,07/17/2016,1604,3695,5
6947,10/16/2015,1986,3549,9
6948,08/18/2015,1862,3723,8
6949,05/08/2016,1960,3152,5
6950,10/22/2015,1841,3799,16
6951,06/03/2016,1063,3058,17
6952,02/19/2016,1286,3396,17
6953,04/18/2016,1154,3809,1
6954,08/24/2015,1526,3461,9
6955,10/07/2015,1649,3949,6
6956,10/24/2015,1826,3537,2
6957,03/13/2016,1801,3579,1
6958,09/16/2015,1221,3512,5
6959,07/24/2016,1409,3173,6
6960,07/27/2016,1468,3543,15
6961,04/10/2016,1473,3577,4
6962,03/04/2016,1264,3685,16
6963,06/10/2016,1662,3171,5
6964,10/23/2015,1099,3960,2
6965,02/29/2016,1723,3081,1
6966,02/07/2016,1133,3588,17
6967,10/30/2015,1094,3449,3
6968,03/05/2016,1875,3936,10
6969,10/20/2015,1415,3707,3
6970,02/21/2016,1710,3485,9
6971,07/04/2016,1806,3339,8
6972,07/05/2016,1838,3778,9
6973,11/20/2015,1003,3632,16
6974,05/29/2016,1452,3558,19
6975,02/14/2016,1833,3166,1
6976,08/17/2015,1394,3282,3
6977,11/15/2015,1411,3612,5
6978,06/16/2016,1927,3881,3
6979,09/05/2015,1401,3305,9
6980,06/22/2016,1665,3329,8
6981,03/02/2016,1767,3797,12
6982,04/13/2016,1435,3308,11
6983,06/26/2016,1309,3500,6
6984,08/05/2015,1175,3531,16
6985,02/28/2016,1057,3546,20
6986,08/22/2015,1600,3365,13
6987,06/10/2016,1508,3587,8
6988,07/28/2016,1749,3585,9
6989,06/30/2016,1462,3718,18
6990,09/25/2015,1016,3819,11
6991,09/23/2015,1911,3970,9
6992,03/09/2016,1673,3135,2
6993,08/22/2015,1731,3881,20
6994,06/16/2016,1981,3033,15
6995,12/14/2015,1696,3602,3
6996,06/28/2016,1202,3236,6
6997,10/14/2015,1230,3087,3
6998,09/06/2015,1220,3154,9
6999,10/12/2015,1765,3886,4
